Dónde,Qué se observa,Consecuencia práctica
"Prisma, catálogo de clases","GET /api/maquinaria/equipos/tipos-disponibles devuelve a la vez Retroexcavadora y Retroexcavadoras; el diccionario del kit solo enumera Retroexcavadora, y el modal «Solicitar maquinaria» observado ofrece Retroexcavadoras",Dos clases distintas para la misma máquina: agrupar por clase_equipo produce dos filas. No se fusionan sin decisión del proveedor.
"Prisma, estado de maquinaria","El contrato enumera DISPONIBLE, OCUPADA, OBSOLETA; el diccionario del kit enumera Disponible; Ocupada; Mant. preventivo; Mant. correctivo; Obsoletas; la fila de mantenimiento del diccionario ejemplifica CF-03 - Obsoleto","Tres grafías del mismo concepto (OBSOLETA / Obsoletas / Obsoleto) y dos valores (Mant. preventivo, Mant. correctivo) que no existen en el enum del contrato: el estado de mantenimiento vive en active_failure_status, no en estado."
"Prisma, diccionario de mantenimiento","El campo se llama Estado   (con dos espacios finales) y su ejemplo es CF-03 - Obsoleto, una etiqueta compuesta de unidad y estado",Hay que aclarar si contiene un estado o una concatenación; no se parte por el guion.
"Prisma, flujo de falla",El catálogo de active_failure_status incluye TRASLADO_STD,La palabra «traslado» ya está ocupada por un paso de mantenimiento. Al hablar con el proveedor conviene decir «tarea de traslado en Startrack».
"Startrack, formulario de tarea","El campo se rotula «Titulo» sin tilde (y el error dice «Titulo es obligatorio»), mientras el diccionario escribe «Título»; la clave API es objective",Buscar por rótulo falla. Se referencia siempre objective.
"Startrack, doc oficial de estados","El Job Status Data Object publica notifcation_via (sic), mientras la respuesta observada usa notification_via",Un cliente que lea el nombre de la doc no encuentra el campo. Se lee el de la respuesta y se documenta la errata.
"Startrack, diccionario del kit","La fila «Título» lleva TAR-014 en la columna «Tipo de dato»; el ejemplo de «Tipo» de tarea es Trasalado (errata de «Traslado»); «Anadir tipo de servicio» aparece dos veces, con Catálogo y catalogo",Ni TAR-014 es un tipo de dato ni Trasalado un valor de catálogo verificado. Se conservan tal cual y se preguntan.
"Startrack, identificadores",«ID remoto» (78093) y «tarea_id» (24) declaran Texto / ID pero se almacenan como números; el DTO acepta enteros solo en informes (ReportIdentifier) y jamás reformatea una cadena como 00042,"Hay que acordar un tipo canónico de identificador antes de comparar, o los ceros iniciales se pierden."
"Ambas, formato de fecha","La UI de Prisma usa DD/MM/AAAA salvo el modal «Asignar maquinaria», que muestra 09/11/2026 y 09/26/2026 en MM/DD/AAAA; su API usa AAAA-MM-DD; Startrack publica YYYY-MM-DD HH:mm:ss±hh:mm con espacio en lugar de T; el diccionario guarda el período como un texto único 11/09/2026 - 14/09/2026","Una fecha copiada de pantalla puede invertir día y mes, y un parser ISO estricto rechaza el instante de Startrack. Solo se transcriben fechas desde la API."
