Requisito,Qué exige el brief,Evidencia en el repo (archivo o ruta exacta),Dónde lo ve el jurado (URL de la app o documento),Estado,Brecha y acción
RF-01,"Inventario de cualquier campo o término nuevo generado a partir del diccionario y dataset sandbox de Prisma y Startrack: nombre de campo, tipo de dato y ejemplo de valor.","docs/diccionario-modelo-econ.md, generado por scripts/docs/generar_diccionario.py desde apps/api/app/models/hub.py, operations.py, workflow.py, graph.py, indicators.py y suggestions.py (nombre o JSONPath, tipo JSON, obligatorio, ejemplo con clase de evidencia, significado, procedencia); --check en scripts/check.sh y .github/workflows/ci.yml. Nombres equivalentes en el glosario de docs/equivalencias-prisma-startrack.md (output/matrices/glosario-sinonimos.csv, 36 conceptos).","Documento docs/diccionario-modelo-econ.md; Swagger /docs (esquemas HubResponse, GraphProjection, IndicatorsReport, AssignmentSuggestion con descripción por campo); output/matrices/glosario-sinonimos.csv.",cumple,"El inventario cubre los modelos propios y sus derivaciones, no los DTO de los proveedores ni las 51 definiciones del kit (esas se cotejan en RF-02). Acción: regenerar con generar_diccionario.py tras cada cambio de modelo; CI falla si no coincide."
RF-02,"Matriz de mapeo que conecte cada campo relevante de una plataforma con su equivalente en la otra, marcando explícitamente los campos sin equivalente directo.","docs/equivalencias-prisma-startrack.md: clasificaciones directa, transformada, manual, sin equivalente y no soportada; formulario de tarea en cinco secciones; otros campos API del Job; inventario Prisma que no viaja; identidad y cardinalidad; inconsistencias del kit. Exportada a 16 CSV y output/matrices/matrices-econ.xlsx (manifiesto con SHA-256). Traza campo a campo en apps/api/app/services/integration_trace.py (field_map, tratamiento Conservado, Transformado, Manual o Sin equivalente) con pruebas en apps/api/tests/test_integration_trace.py.",/integracion?mode=fixture (bloque «Mapeo campo a campo»); GET /api/v1/integration/{request_id} (field_map); output/matrices/formulario-tarea-completo.csv y otros-campos-api-tarea.csv; dossier output/pdf/ECON-entregables-visuales.pdf.,parcial,"Falta el cotejo fila a fila de las 51 definiciones del diccionario del kit (12 Prisma, 39 Startrack) contra la matriz, y las correspondencias proyecto a geocerca, máquina a vehículo y operador a usuario no están validadas en la cuenta (la clave API de Startrack respondió 403). Acción: tabla de cotejo por fila del kit incluida en la exportación y validación autenticada; no inventar correspondencias."
RF-03,"Matriz de responsabilidades que defina, para al menos tres roles funcionales, quién es Responsable, quién Aprueba, a quién se Consulta y a quién se Informa sobre el estado de un equipo (formato RACI recomendable).","RACI de nueve decisiones en docs/equivalencias-prisma-startrack.md (sección «Responsabilidades propuestas para confirmar»: Gerencia de Proyecto, Logística y Equipo, Mantenimiento, Operador, Control de Costos, Soporte de integración, Responsable receptor) exportada a output/matrices/raci-propuesta.csv. Implementada como roles de sesión en apps/api/app/core/auth.py (admin, logistica, gerencia_proyecto, mantenimiento, control_costos, lectura; permisos read, manage_transfers, declare_reception, manage_users; docs/adr/0005-session-auth-and-roles.md) y actor registrado en operation_events.actor_* y en la recepción declared_by_* (migración 0004_guards, apps/api/migrations/versions/0004_movement_guards_actors_and_indexes.py).","/administracion (solo admin: alta de usuarios por rol); iniciar sesión con un usuario lectura y abrir /operaciones (sin acciones de gestión); /operaciones/{id} (actor de cada transición); output/matrices/raci-propuesta.csv; dossier PDF, páginas 2 a 4.",cumple,"La RACI es una propuesta pendiente de validación por las tres gerencias; el rol de sesión aplica permisos y registra quién actuó, no acredita esa aprobación. Acción: validar con ECON y fijar la denominación («Logística y Equipo» frente a «Maquinaria y Equipo» del organigrama)."
RF-04,"El prototipo debe permitir consultar el estado y la ubicación de al menos un equipo de forma unificada, combinando datos de ambas plataformas.","/maquinaria/{id} en apps/api/app/dashboard/views.py (equipment_detail) con evidence_views.py (source_comparison, location_facts, maintenance_facts): estado administrativo y mantenimiento de Prisma, tarea y visita de Startrack conservadas en el registro, recepción declarada y ubicación fechada o «no verificable». GET /api/v1/hub (equipment[].transfers, location, provenance) y GET /api/v1/graph (gaps.machine_location, coverage). Pruebas: apps/api/tests/test_evidence_views.py, test_graph.py, test_hub_evidence_concordance.py.","/maquinaria/{id}?mode=fixture (por ejemplo CF-03, nexus:equipment:66faacde-728c-4378-8b46-dbfb38254e03); grafo de portada /?mode=fixture seleccionando PROY-014; GET /api/v1/graph?mode=fixture.",parcial,"La vista combina ambas fuentes, pero ningún registro suministrado tiene evidencia de las dos: la muestra no trae tareas, visitas GPS ni recepciones y el acceso API de Startrack de la cuenta no está validado (403). El jurado ve hechos de Prisma y faltantes explícitos, no una ubicación observada. Acción: cadena live verificada (PROY-006) con tarea y visita reales, conservando IDs; no inventar registros."
RF-05,"El prototipo debe reflejar visualmente al menos un caso donde el estado del equipo difiere entre Prisma y Startrack, y cómo se resuelve.","Regla «OCUPADA en Prisma y tarea completada en Startrack coexisten» en apps/api/app/dashboard/evidence_views.py (interpretation_section) con pruebas en apps/api/tests/test_evidence_views.py; tensión obsolete_with_approved_request en apps/api/app/services/graph.py; estados por objeto en docs/equivalencias-prisma-startrack.md (sección «Fechas, unidades y estados separados», output/matrices/estados-separados.csv); diagrama 6 docs/assets/entregables/diagrama-estados.svg.","/maquinaria/{id}?mode=fixture de CF-03 (OBSOLETA en Prisma con solicitud APROBADA: se muestra como tensión, no se «corrige»); GET /api/v1/graph?mode=fixture (tensions); docs/entregables-visuales.md, diagrama 6.",parcial,"Con la muestra el caso compara solo hechos de Prisma; la regla Ocupada y Completada se ejercita con casos aislados de prueba, no con datos servidos. Acción: el mismo caso live de RF-04; en la demo decirlo así y no introducir una tarea inventada."
RF-06,"Documentar al menos un indicador operativo que la integración haría visible por primera vez, por ejemplo tiempo de equipo fuera de geocerca sin justificación.","Definición única de «tiempo fuera de geocerca sin justificación» en docs/entregables-visuales.md (sección RF-06: unidad, cálculo, datos necesarios, decisión, resultado no evaluable). Ocho indicadores calculables por fila en apps/api/app/services/indicators.py (approval_time, open_request_age, approved_with_unit_without_sent_task, occupied_without_project, assignment_ended, completed_task_without_receipt, active_failure_registered, evidence_age) con fichas y SLA propuestos S1–S6 en docs/indicadores-calculables.md; pruebas en apps/api/tests/test_indicators.py.","/indicadores?mode=fixture («Indicadores y SLA»: fichas por fila con estado evaluable, parcial o no evaluable, motivo y el SLA propuesto al lado); GET /api/v1/indicators?mode=fixture; dossier PDF, ficha RF-06 (páginas 14 a 16).",cumple,"RF-06 no es calculable con la muestra (resultado no evaluable, no cero); los indicadores publicados describen filas de la lectura acotada, no la flota, y los umbrales de SLA están «a validar con ECON». Acción: no presentar promedios ni porcentajes."
RNF-01,Toda exploración y prueba exclusivamente sobre el entorno sandbox y los datasets sintéticos provistos por Grupo ECON.,"Muestras con hash del documento en apps/api/app/integrations/data/sandbox_samples.json; ALLOW_LIVE_READS, ALLOW_LIVE_WRITES y AUTO_QUEUE_TRANSFERS en false por defecto (apps/api/app/core/config.py); conectores con origen fijo https://econ-key.maic.ai y https://staging.gps.gt/api (apps/api/app/integrations/nexus.py, startrack.py, http.py); evidence_kind provided_sample, live_read o test_case en apps/api/app/models/hub.py; pruebas apps/api/tests/test_security.py, test_nexus.py, test_startrack.py.","/fuentes?mode=fixture (procedencia, alcance y estado de cada fuente); cada ficha lleva «Datos sintéticos».",cumple,"Ninguna. Mantener la distinción fixture, live y caso de prueba en cada captura, cifra y demostración."
RNF-02,"La matriz de mapeo y la de responsabilidades en formato legible y reutilizable (hoja de cálculo o tabla estructurada), no solo texto libre.","scripts/docs/exportar_matrices.py copia las tablas Markdown de docs/equivalencias-prisma-startrack.md y de esta matriz a output/matrices/*.csv (17 CSV UTF-8 con cabecera) y output/matrices/matrices-econ.xlsx (openpyxl 3.1.5, una hoja por tabla), con manifest.json y MANIFEST.md (SHA-256 del origen y de cada archivo); --check en scripts/check.sh y en CI.",output/matrices/MANIFEST.md; abrir matrices-econ.xlsx; guía en README.md («Cómo revisar las matrices»).,cumple,"El PDF output/pdf/ECON-diccionario-mapeo-y-manual-integracion.pdf (34 páginas, 12/09/2026) no tiene generador y no se regenera; el formato reutilizable vigente es Markdown más CSV/XLSX. Acción: regenerar tras cada edición (CI lo exige)."
RNF-03,"Prototipo como dashboard, aplicación web o modelo de datos con interfaz mínima; navegable por el jurado.","Aplicación Dash y FastAPI en un proceso (apps/api/app/main.py); páginas en la tabla PAGES de apps/api/app/dashboard/views.py; accesibilidad por teclado en docs/frontend-architecture.md (sección «Accesibilidad»); capturas a 1280 y 390 px en docs/screenshots/2026-09-13-*.png; pruebas de callbacks y navegación en apps/api/tests/test_dashboard.py, test_workflow_ui.py y test_auth_ui.py.",http://127.0.0.1:8050/ tras /login; guion de diez pasos en README.md («Guion de demo para el jurado»).,cumple,Navegabilidad y completitud de datos son dimensiones distintas: los faltantes de RF-04 y RF-05 siguen visibles. Acción: ensayar el guion sobre la entrega final.
RNF-04,Repositorio o carpeta de entrega con README que explique cómo revisar el prototipo y las matrices.,"README.md (Inicio, Recorrido, Guion de demo para el jurado, Cómo revisar las matrices, Sesión y roles, Verificar y desplegar), docs/README.md (índice) y apps/api/README.md; enlaces relativos comprobados.",README.md.,cumple,Mantener los enlaces y los encabezados cuando cambien los documentos.
§9 Matriz de mapeo de campos,"Hoja de cálculo o tabla estructurada, incluidos los casos sin equivalente directo; medio: reporte en PDF.","Markdown y CSV/XLSX de RF-02 y RNF-02; el dossier output/pdf/ECON-entregables-visuales.pdf (16 páginas, 13/09/2026, output/pdf/MANIFEST.md) incluye RACI y diagramas, no la matriz completa; el PDF de 34 páginas del 12/09/2026 contiene una versión anterior sin generador.",output/matrices/MANIFEST.md; output/pdf/MANIFEST.md.,parcial,"No existe un PDF vigente de la matriz completa. Acción: añadir a scripts/docs/generar_dossier.py un PDF de la matriz desde el Markdown, o entregar XLSX más Markdown declarándolo en la presentación."
§9 Matriz de responsabilidades,"Tabla de roles frente a la plataforma integrada, al menos las tres gerencias involucradas; medio: PDF.","RACI de RF-03: output/matrices/raci-propuesta.csv, páginas 2 a 4 del dossier PDF (RACI leída del Markdown por scripts/docs/generar_dossier.py), roles de sesión implementados.","Dossier PDF, páginas 2 a 4; raci-propuesta.csv; /administracion.",cumple,Rótulo de propuesta hasta la validación empresarial; las tres gerencias deben seguir visibles al resumirla.
§9 Prototipo o mockup navegable,"Al menos una consulta unificada; enlace o repositorio con instrucciones; el jurado elige un equipo o partida del sandbox y observa estado, ubicación y discrepancias.","Aplicación de RNF-03; scripts/dev.sh, docs/desarrollo.md; guion en README.md; en live (solo si el servidor lo habilita con credenciales) cualquier unidad o solicitud leída de Prisma se consulta por su ID.","/maquinaria?mode=fixture (el jurado elige entre CF-01, CF-02, CF-03, EXC-01 y EXC-02) y su detalle; /solicitudes?mode=fixture.",parcial,La consulta unificada con ambas plataformas depende de RF-04: con la muestra el jurado ve Prisma y faltantes explícitos; con live la lectura de Startrack sigue sin validar. Acción: cadena live verificada o declararlo en la demo.
§9 Diagrama de arquitectura,"Componentes, flujo de datos entre Prisma, Startrack y el prototipo, y dónde vive cada estado; medio: PDF.","Diagrama 3 (docs/assets/entregables/diagrama-actual.svg y .png) y diagrama 6 «dónde vive cada estado» (diagrama-estados.svg y .png), generados por scripts/docs/generar_dossier.py y registrados en docs/assets/entregables/manifest.json; texto y mermaid en docs/entregables-visuales.md y docs/solucion-integracion.md (sección «Arquitectura implementada»).","docs/entregables-visuales.md (diagramas 3 y 6); dossier PDF, páginas 8 a 13.",cumple,Los diagramas 4 y 5 son propuestas (sincronización y escala) y así se rotulan. Acción: mantener la separación implementado y propuesto en la presentación.
§9 Documento de decisiones técnicas,"Máximo dos páginas: qué se mapeó, qué se dejó fuera de alcance y por qué; medio: PDF.","docs/decisiones-tecnicas.md y output/pdf/ECON-decisiones-tecnicas.pdf (2 páginas, 13/09/2026, SHA-256 en output/pdf/MANIFEST.md); scripts/docs/generar_dossier.py falla si supera dos páginas.",output/pdf/ECON-decisiones-tecnicas.pdf; docs/decisiones-tecnicas.md.,cumple,Regenerar el PDF cuando cambie el Markdown y registrar el hash.
§9 Presentación final,"Máximo diez diapositivas: problema, solución, arquitectura, matrices y valor para Grupo ECON, con bloque de reflexión de aprendizaje; presentación en vivo.","No existe en el repositorio. Insumos disponibles: dossier PDF (páginas 1 a 4: requisitos y RACI; 8 a 13: diagramas; 14 a 16: casos, RF-06 y recorrido) y guion de demo del README.md.",—,pendiente,"Acción: producir el archivo, contar diapositivas, incluir la reflexión real del equipo y mantener separadas capacidades implementadas y propuestas."
§6 Arquitectura de integración vía API (obligatorio),"Propuesta de arquitectura de integración entre ambas plataformas, más allá del mockup, con manejo de errores y sincronización de estados.","Estados de envío draft, blocked, queued, sending, sent, unknown y failed con conciliación sin reenviar y cierre explícito (POST /api/v1/operations/{id}/resolve) en apps/api/app/services/workflow.py y ledger.py; cola transaccional, exclusividad en vuelo por máquina, job_id único y operation_events append-only (migración 0004_guards; pruebas PostgreSQL apps/api/tests/test_postgres_*.py ejecutadas en CI); docs/solucion-integracion.md (secciones «Estados de envío y evidencia independiente» y «Tiempos del traslado»), docs/adr/0004-persistent-transfer-workflow.md, docs/adr/0006-postgresql-unica-infraestructura-de-estado.md; propuesta de sincronización y discrepancias en docs/sincronizacion-y-discrepancias.md.","/operaciones/{id}?mode=fixture (estados, eventos y actor); /integracion?mode=fixture (payload preparado y respuesta esperada); Swagger /docs (POST /api/v1/operations/{id}/resolve, GET /api/v1/status).",cumple,"La creación autenticada de tareas en la cuenta Startrack sigue sin validar y la detección de cambios de Prisma posteriores al envío es una señal del grafo (movement_source_changed), no una incidencia durable. Acción: validar credenciales y contrato; mantener la sincronización propuesta rotulada como tal."
§6 Panel de indicadores (deseable),"Panel que aborde al menos un síntoma identificado por ECON: tiempos muertos, baja trazabilidad o ausencia de indicadores unificados.","Página /indicadores («Indicadores y SLA», apps/api/app/dashboard/indicator_views.py) sobre GET /api/v1/indicators (apps/api/app/api/indicators.py, apps/api/app/services/indicators.py): ocho fichas agrupadas por área con lectura en lenguaje llano, filas, cobertura y SLA propuesto al lado; página /decisiones (views.py::decisions) con un asunto por solicitud, las tres lecturas más accionables de los indicadores, período de uso solicitado y distribución por estado (decision_priorities.py, decision_analytics.py); fichas y SLA en docs/indicadores-calculables.md; pruebas apps/api/tests/test_indicator_views.py y test_decision_priorities.py.",/indicadores?mode=fixture; /decisiones?mode=fixture; GET /api/v1/indicators?mode=fixture.,cumple,"Con la muestra la mayoría de las fichas queda «no evaluable» con motivo (sin corte, sin tareas) y ninguna publica promedios: el panel muestra cobertura, no desempeño. Acción: en live completar el registro antes de leerlo como serie."
§6 Escalabilidad y portal futuro (deseable),"Propuesta de cómo el mismo modelo podría extenderse a mayor escala, como un portal con visibilidad de tiempos de logística y disponibilidad de equipo.","Propuesta en docs/sincronizacion-y-discrepancias.md (sección «Escala a miles de vehículos (propuesta)»), diagrama 5 docs/assets/entregables/diagrama-escala.svg, extrapolación de retención y volumen en docs/database.md, y límites en docs/adr/0006-postgresql-unica-infraestructura-de-estado.md.","docs/entregables-visuales.md (diagrama 5); dossier PDF, páginas 8 a 13.",cumple,"Es una propuesta sin capacidad demostrada: faltan mediciones de carga, latencia y recuperación. Acción: presentarla como propuesta, no como despliegue."
