Decisión o Evento Operativo,Gerencia Técnica de Proyectos,Gerencia de Logística y Equipos,Gerencia de Mantenimiento,Control de Costos / Finanzas
"1. Solicitud de Maquinaria
Definición del tipo de equipo, obra destino y ventana de uso requerida.",R / A,C,I,I
"2. Aprobación y Asignación de Unidad
Selección de unidad en Prisma, asignación de operador y fijación de tarifa.",C,R / A,C,I
"3. Consulta de Sugerencias ECON
Evaluación de unidades candidatas mediante reglas R0-R8 (sin paro, clase exacta).",C,R / A,C,I
"4. Programación del Traslado
Asignación de geocerca de destino (POI), vehículo flete y fecha/hora de despacho.",I,R / A,C,I
"5. Habilitación Técnica y Envío a Startrack
Validación de contratos y guardias de mantenimiento previas al despacho.",I,R / A,C,I
"6. Ejecución y Telemetría en Ruta
Seguimiento GPS del trayecto y detección telemática de arribo a geocerca.",I,R / A,I,I
"7. Paro Operativo y Diagnóstico Mecánico
Registro de falla en Prisma y emisión de orden de paro que inhabilita traslados.",I,C,R / A,I
"8. Recepción Física en Obra
Inspección física en sitio y declaración formal de entrega (receipt) en ECON.",R / A,C,I,I
"9. Liquidación Económica Posterior
Auditoría de horas reales trabajadas vs períodos solicitados y conciliación.",C,C,I,R / A
